big/archive.log	33555209	6bb7dd2baa05336f7c59230cc3c9c4dd6efe53fb23addceeb1c3d9d6174fe6e9
big/blob-a.bin	92287033	1a8f0f1f01f5bfb12ee469b69d6278bcf66a52b1b33ace198d6515c806f2ef63
big/blob-b.bin	16777216	f289824364ca3c80ae0c764b75ac942aa966907af28db8c144646c71ecc77364
big/disk.img	41943040	58ca814006e81407a08ad5e0e83f3ceb6aadce2618ee160a8072471ed4881352
copies/blob-b-copy.bin	16777216	f289824364ca3c80ae0c764b75ac942aa966907af28db8c144646c71ecc77364
medium/m01.bin	8388709	59ec1fedd273e87efd5618d34897d6d6a1ddc62c609fcd3d9ea76ad95aa8889b
medium/m02.txt	6291489	9bebbeca31c5cd69649c1d164c1c268ffc7cc9f22eee757a348033e476c4b3d3
medium/m03.img	5242880	944b6c658e110b14bc856d61a6d6571e4f03f1fe10df012e35fbb1309a52a050
medium/m04-prefix.bin	4194307	0282f0fa4c5f86617281a873dac712272c9c52e152e0e6ac6990751677a8370f
medium/m05.txt	4000000	3aead0dc15ea5ea8f35c88a6dc5cf2eab94dd42601dcb6b6c895fe325f594de2
medium/m06.bin	3145735	75ca65bc852551502ca6c6198f57305695c27610c1809bb5fdb7dc2768b31998
medium/m07.img	2097152	cb826bb5cdbc454acffaab732f8a5d13531ac52b78577a87666243f3bb448fa8
medium/m08.txt	2000003	fa7ddfa71cdf93dd2335a8bfd9812c6de947e00dbc51c78375465daa232821e6
small/s01.bin	1	6ea4d403dd7d46f7a4b9b9e5070926e03ddd169ae16eabc6814771b569584de3
small/s02.txt	4096	1682af7921dcf1677990ad4a98b5e447ded312886c6633d912a0e70aa0f26e5c
small/s03.img	4097	84e5fa82c1670822633b16214c3c808824025289006d86489d9b05a63d087f0c
small/s04.bin	65536	55598cb4f8af4258d981acc6cc94f0e86362aa7d813b893cf9323c28a4216322
small/s05.txt	100000	cf9d4f0f0ff35523c431ca8d248ec40fac2543e1b668a07d75b4d6b3cf380017
small/s06.img	262144	62b8485acdde622e363b3abd51190afb60c92a9b87cf67f36296fdbfd73d7b12
small/s07.bin	333333	7afdf300efb3ad73d5d1f085a7e58dab1992633560109ed72f76818ee4b33337
small/s08.txt	524288	e4dee73d6a82669030be6c4c2c28e201328d7ddd353080f2d560a5190f8f3076
small/s09.img	777777	b346e25f65e0e6ee01b7fc3e9a394cdf3c293f2578c83f591a06606032f9e404
small/s10.bin	1048576	4a3df948282696015a11db6b48d71e9c335982519f0d36f3f99cd93b7f433b4c
