# GitCarry.tla's TLC configs, checked by `just tla-check` in this order (README.md, "GitCarry").
# Rendered from catalogue/GitCarry.dhall by `just tla-render`; edit the catalogue, not this file.
# Tab-separated columns, as configs.tsv's:
#   name            the config, MC_<name>.cfg
#   expect          pass | fail | inconclusive
#   named-property  fail: the one property it must violate;
#                   inconclusive: WithinBudget; otherwise all
#   never           pass: the actions coverage must show never enabled,
#                   comma-separated and sorted (- for none);
#                   * for any other row (not checked)
#   flags           extra TLC flags, one argv element per
#                   space-separated word (- for none)
name	expect	named-property	never	flags
MC_gc_budget_selftest	inconclusive	WithinBudget	*	-
MC_gc_core	pass	all	BaseRecord,GC,StartBase	-
MC_gc_q46	pass	all	BaseRecord,StartBase	-
MC_gc_grouped	pass	all	GC,Rewrite	-
MC_gc_fix2	pass	all	Rewrite	-
MC_gc_live	pass	all	BaseRecord,StartBase	-
MC_gc_base_missing_untyped	fail	RestoreOrRecapture	*	-
MC_gc_neg_live_unfair	fail	ChainRecovery	*	-
MC_gc_neg_chain_ignores_depth	fail	ChainDepthBounded	*	-
MC_gc_neg_gc_deletes_depended	fail	GCNeverDeletesDepended	*	-
MC_gc_neg_base_replaced_live	fail	BaseNotReplacedWhileDepended	*	-
MC_gc_neg_sidecar_after_record	fail	SidecarsBeforeRecord	*	-
MC_gc_neg_skip_flatten_verify	fail	PrereqsSatisfiedByEarlierLinks	*	-
MC_gc_neg_hit_ignores_chain	fail	BrokenLinkNeverReuseHit	*	-
MC_gc_neg_hit_ignores_chain_restore	fail	RestoreOrRecapture	*	-
