# TLC configs checked by `just tla-check`, in this order (README.md).
# Rendered by gen_cfgs.py; edit its table, not this file.
# Tab-separated columns:
#   name            the config, MC_<name>.cfg
#   expect          pass | fail | simulate | inconclusive
#   named-property  fail: the one property it must violate;
#                   inconclusive: WithinBudget; otherwise all
#   flags           extra TLC flags, one argv element per
#                   space-separated word (- for none)
name	expect	named-property	flags
MC_budget_selftest	inconclusive	WithinBudget	-
MC_main	pass	all	-
MC_main_deep	pass	all	-
MC_dest_faults	pass	all	-
MC_nv_core	pass	all	-
MC_wp0g	pass	all	-
MC_wp0g_deep	pass	all	-
MC_wp0d_exchange	pass	all	-
MC_s2	pass	all	-
MC_live	pass	all	-
MC_main_sim	simulate	all	-simulate num=3000 -depth 120 -seed 20261003
MC_wp0g_authority	fail	R25_NoDurableReread	-
MC_wp0d_check_rename	fail	NoClobber	-
MC_neg_live_unfair	fail	RunsClose	-
MC_neg_held_before_commit	fail	HeldAfterCommit	-
MC_neg_commit_before_fsync	fail	RecordImpliesBytes	-
MC_neg_commit_before_dirseal	fail	RecordImpliesBytes	-
MC_neg_adopt_without_seal	fail	RecordImpliesBytes	-
MC_neg_ledger_before_held	fail	LedgerAfterHeld	-
MC_neg_done_before_sync	fail	DoneAfterLedger	-
MC_neg_reread_durable	fail	R25_NoDurableReread	-
MC_neg_reread_unchanged	fail	S3_UnchangedReadsZero	-
MC_neg_reread_changed_only	fail	S3_ReadsOnlyChanged	-
MC_neg_skip_output_row	fail	S3_ClosedPassIsHeld	-
MC_neg_double_read	fail	ReadOnce	-
MC_neg_src_ledger_carries_r25	fail	R25_NoDurableReread	-
MC_neg_record_racy	fail	ReuseSound	-
MC_neg_record_racy_ledger	fail	LedgerSound	-
MC_neg_untyped_space	fail	ClosureAccounted	-
MC_neg_source_write	fail	S2_TypedSourceAccess	-
MC_neg_pause_writer	fail	S2_TypedSourceAccess	-
MC_neg_git_optional_locks	fail	S2_TypedSourceAccess	-
MC_neg_unbounded_backup	fail	S2_BackupLockBounded	-
MC_neg_supersede_unchecked	fail	NoClobber	-
MC_neg_sweep_displaced	fail	NoClobber	-
